사용월,호선명,역ID,지하철역,승차승객수,하차승객수
Dec-20,1호선,1,서울역,"842,346","797,546"
Dec-20,1호선,10,동묘앞,"208,719","214,534"
Dec-20,1호선,2,시청,"429,145","423,621"
Dec-20,1호선,3,종각,"667,792","642,037"
Dec-20,1호선,4,종로3가,"493,106","450,421"
Dec-20,1호선,5,종로5가,"465,339","462,277"
Dec-20,1호선,6,동대문,"257,941","246,412"
Dec-20,1호선,7,신설동,"309,534","304,279"
Dec-20,1호선,8,제기동,"386,051","395,737"
Dec-20,1호선,9,청량리(서울시립대입구),"464,654","464,949"
Dec-20,2호선,11,시청,"463,728","445,131"
Dec-20,2호선,12,을지로입구,"810,382","813,339"
Dec-20,2호선,13,을지로3가,"412,714","405,805"
Dec-20,2호선,14,을지로4가,"284,176","278,093"
Dec-20,2호선,15,동대문역사문화공원(DDP),"251,261","277,576"
Dec-20,2호선,16,신당,"307,401","316,909"
Dec-20,2호선,17,상왕십리,"297,608","290,623"
Dec-20,2호선,18,왕십리(성동구청),"326,649","263,814"
Dec-20,2호선,19,한양대,"156,177","160,093"
Dec-20,2호선,20,뚝섬,"413,585","444,755"
Dec-20,2호선,21,성수,"687,363","749,676"
Dec-20,2호선,22,건대입구,"691,472","739,873"
Dec-20,2호선,23,구의(광진구청),"513,266","509,643"
Dec-20,2호선,24,강변(동서울터미널),"635,066","639,974"
Dec-20,2호선,25,잠실나루,"290,834","282,647"
Dec-20,2호선,26,잠실(송파구청),"1,340,632","1,328,801"
Dec-20,2호선,27,잠실새내,"419,767","420,816"
Dec-20,2호선,28,종합운동장,"137,793","148,841"
Dec-20,2호선,29,삼성(무역센터),"1,015,280","1,018,308"
Dec-20,2호선,30,선릉,"1,142,441","1,016,897"
Dec-20,2호선,31,역삼,"1,003,598","1,078,641"
Dec-20,2호선,32,강남,"1,607,275","1,560,608"
Dec-20,2호선,33,교대(법원.검찰청),"683,119","757,350"
Dec-20,2호선,34,서초,"439,405","431,482"
Dec-20,2호선,35,방배,"344,615","357,622"
Dec-20,2호선,36,사당,"745,970","810,868"
Dec-20,2호선,37,낙성대(강감찬),"597,690","580,917"
Dec-20,2호선,38,서울대입구(관악구청),"1,017,581","990,535"
Dec-20,2호선,39,봉천,"537,040","504,123"
Dec-20,2호선,40,신림,"1,419,139","1,380,788"
Dec-20,2호선,41,신대방,"594,547","581,841"
Dec-20,2호선,42,구로디지털단지,"1,293,506","1,304,647"
Dec-20,2호선,43,대림(구로구청),"565,816","580,223"
Dec-20,2호선,44,신도림,"1,057,418","1,026,968"
Dec-20,2호선,45,문래,"437,725","445,873"
Dec-20,2호선,46,영등포구청,"496,930","502,448"
Dec-20,2호선,47,당산,"393,709","454,557"
Dec-20,2호선,48,합정,"607,379","630,710"
Dec-20,2호선,49,홍대입구,"958,044","987,861"
Dec-20,2호선,50,신촌,"663,994","679,563"
Dec-20,2호선,51,이대,"252,745","259,609"
Dec-20,2호선,52,아현,"218,012","212,963"
Dec-20,2호선,53,충정로(경기대입구),"213,036","222,253"
Dec-20,2호선,54,용답,"58,665","57,964"
Dec-20,2호선,55,신답,"33,690","38,933"
Dec-20,2호선,56,신설동,"75,652","74,985"
Dec-20,2호선,57,도림천,"30,252","31,663"
Dec-20,2호선,58,양천구청,"140,273","150,876"
Dec-20,2호선,59,신정네거리,"213,162","222,333"
Dec-20,2호선,60,용두(동대문구청),"52,417","54,922"
Dec-20,3호선,61,지축,"70,286","69,508"
Dec-20,3호선,62,구파발,"441,837","420,666"
Dec-20,3호선,63,연신내,"839,605","790,442"
Dec-20,3호선,64,불광,"364,371","393,678"
Dec-20,3호선,65,녹번,"324,029","298,651"
Dec-20,3호선,66,홍제,"379,242","367,220"
Dec-20,3호선,67,무악재,"83,876","85,997"
Dec-20,3호선,68,독립문,"153,243","158,963"
Dec-20,3호선,69,경복궁(정부서울청사),"363,808","354,975"
Dec-20,3호선,70,안국,"355,537","363,529"
Dec-20,3호선,71,종로3가,"197,401","226,266"
Dec-20,3호선,72,을지로3가,"208,799","215,777"
Dec-20,3호선,73,충무로,15,0
Dec-20,3호선,74,동대입구,"162,946","170,754"
Dec-20,3호선,75,약수,"277,926","270,120"
Dec-20,3호선,76,금호,"175,428","168,320"
Dec-20,3호선,77,옥수,"188,612","198,205"
Dec-20,3호선,78,압구정,"675,803","710,938"
Dec-20,3호선,79,신사,"625,214","649,228"
Dec-20,3호선,80,잠원,"96,833","96,147"
Dec-20,3호선,81,고속터미널,"870,717","875,427"
Dec-20,3호선,82,교대(법원.검찰청),"276,760","184,901"
Dec-20,3호선,83,남부터미널(예술의전당),"601,843","621,487"
Dec-20,3호선,84,양재(서초구청),"791,923","847,929"
Dec-20,3호선,85,매봉,"256,519","243,503"
Dec-20,3호선,86,도곡,"110,978","111,575"
Dec-20,3호선,87,대치,"213,404","212,016"
Dec-20,3호선,88,학여울,"35,737","36,080"
Dec-20,3호선,89,대청,"205,485","189,152"
Dec-20,3호선,90,일원,"197,627","194,225"
Dec-20,3호선,91,수서,"338,526","346,521"
Dec-20,3호선,92,가락시장,"194,502","191,136"
Dec-20,3호선,93,경찰병원,"159,978","160,663"
Dec-20,3호선,94,오금,"131,286","118,568"
Dec-20,4호선,100,수유(강북구청),"772,432","766,104"
Dec-20,4호선,101,미아(서울사이버대학),"339,422","331,873"
Dec-20,4호선,102,미아사거리,"625,839","615,234"
Dec-20,4호선,103,길음,"431,412","423,683"
Dec-20,4호선,104,성신여대입구(돈암),"420,739","404,881"
Dec-20,4호선,105,한성대입구(삼선교),"288,982","284,214"
Dec-20,4호선,106,혜화,"610,778","602,260"
Dec-20,4호선,107,동대문,"431,243","443,200"
Dec-20,4호선,108,동대문역사문화공원(DDP),"320,745","299,148"
Dec-20,4호선,109,충무로,"556,307","570,763"
Dec-20,4호선,110,명동,"367,554","381,519"
Dec-20,4호선,111,회현(남대문시장),"486,208","504,895"
Dec-20,4호선,112,서울역,"217,449","296,569"
Dec-20,4호선,113,숙대입구(갈월),"264,962","259,001"
Dec-20,4호선,114,삼각지,"94,184","103,199"
Dec-20,4호선,115,신용산,"301,651","316,003"
Dec-20,4호선,116,이촌(국립중앙박물관),"140,531","156,416"
Dec-20,4호선,117,동작(현충원),"51,608","54,328"
Dec-20,4호선,118,총신대입구(이수),"404,847","439,646"
Dec-20,4호선,119,사당,"499,677","422,301"
Dec-20,4호선,120,남태령,"23,614","20,533"
Dec-20,4호선,95,당고개,"279,882","259,694"
Dec-20,4호선,96,상계,"425,644","399,339"
Dec-20,4호선,97,노원,"406,921","450,432"
Dec-20,4호선,98,창동,"567,502","605,830"
Dec-20,4호선,99,쌍문,"666,518","616,468"
Dec-20,경부선,121,서울역,"96,764","31,465"
Dec-20,경부선,122,남영,"200,091","208,892"
Dec-20,경부선,123,용산,"665,800","675,663"
Dec-20,경부선,124,노량진,"182,993","191,599"
Dec-20,경부선,125,대방,"274,066","282,977"
Dec-20,경부선,126,영등포,"845,435","866,979"
Dec-20,경부선,127,신도림,"88,257","86,954"
Dec-20,경부선,151,신길,"207,622","173,430"
Dec-20,경부선,249,구로,"425,112","430,712"
Dec-20,경부선,250,가산디지털단지,"360,982","433,494"
Dec-20,경부선,251,금천구청,"255,812","256,125"
Dec-20,경부선,252,석수,"224,152","199,604"
Dec-20,경부선,253,관악,"162,916","150,889"
Dec-20,경부선,254,안양,"481,273","485,316"
Dec-20,경부선,255,명학,"201,334","199,478"
Dec-20,경부선,256,금정,"569,694","585,656"
Dec-20,경부선,257,군포,"173,618","174,316"
Dec-20,경부선,258,의왕,"192,994","192,051"
Dec-20,경부선,259,성균관대,"297,755","296,366"
Dec-20,경부선,260,화서,"154,589","151,395"
Dec-20,경부선,261,수원,"728,815","771,674"
Dec-20,경부선,262,독산,"366,767","388,306"
Dec-20,경부선,263,세류,"66,816","63,672"
Dec-20,경부선,264,병점,"287,466","285,787"
Dec-20,경부선,265,세마,"55,340","50,578"
Dec-20,경부선,266,오산대,"68,167","62,903"
Dec-20,경부선,267,오산,"214,822","215,601"
Dec-20,경부선,268,진위,"34,260","30,012"
Dec-20,경부선,269,송탄,"97,084","93,344"
Dec-20,경부선,270,서정리,"142,167","135,960"
Dec-20,경부선,271,지제,"63,463","59,528"
Dec-20,경부선,272,평택,"262,506","259,961"
Dec-20,경부선,273,성환,"78,868","78,545"
Dec-20,경부선,274,직산,"15,994","16,153"
Dec-20,경부선,275,두정,"113,639","114,046"
Dec-20,경부선,276,천안,"112,760","115,966"
Dec-20,경부선,277,당정,"131,742","126,360"
Dec-20,경부선,278,서동탄,"31,836","27,117"
Dec-20,경부선,279,광명,"64,585","57,354"
Dec-20,경인선,293,개봉,"477,055","493,324"
Dec-20,경인선,294,오류동,"265,132","252,774"
Dec-20,경인선,295,역곡,"598,974","598,932"
Dec-20,경인선,296,부천,"743,457","751,839"
Dec-20,경인선,297,송내,"594,647","595,844"
Dec-20,경인선,298,부평,"654,347","692,036"
Dec-20,경인선,299,백운,"157,569","157,201"
Dec-20,경인선,300,동암,"348,680","352,844"
Dec-20,경인선,301,주안,"416,169","381,202"
Dec-20,경인선,302,제물포,"219,924","210,682"
Dec-20,경인선,303,동인천,"302,494","291,545"
Dec-20,경인선,304,인천,"72,771","54,773"
Dec-20,경인선,305,구일,"131,691","135,619"
Dec-20,경인선,306,소사,"216,668","202,352"
Dec-20,경인선,307,부개,"186,603","178,025"
Dec-20,경인선,308,간석,"124,981","120,055"
Dec-20,경인선,309,도원,"64,716","66,518"
Dec-20,경인선,310,온수(성공회대입구),"142,501","140,051"
Dec-20,경인선,311,중동,"201,725","192,888"
Dec-20,경인선,312,도화,"88,285","81,863"
Dec-20,경원선,128,이촌(국립중앙박물관),"78,939","61,760"
Dec-20,경원선,129,서빙고,"39,726","36,311"
Dec-20,경원선,130,한남,"90,464","84,975"
Dec-20,경원선,131,옥수,"1,109",678
Dec-20,경원선,132,응봉,"38,343","32,794"
Dec-20,경원선,133,왕십리(성동구청),"285,142","329,466"
Dec-20,경원선,134,청량리(서울시립대입구),"306,716","332,978"
Dec-20,경원선,136,외대앞,"165,173","163,010"
Dec-20,경원선,137,신이문,"194,128","181,279"
Dec-20,경원선,138,석계,"181,770","206,356"
Dec-20,경원선,139,광운대,"183,946","176,143"
Dec-20,경원선,140,월계,"140,928","134,314"
Dec-20,경원선,141,녹천,"106,199","89,858"
Dec-20,경원선,142,창동,6,0
Dec-20,경원선,358,방학,"213,790","210,942"
Dec-20,경원선,359,도봉,"135,043","129,966"
Dec-20,경원선,360,도봉산,"189,367","116,815"
Dec-20,경원선,361,망월사,"157,655","163,004"
Dec-20,경원선,362,회룡,"270,728","269,084"
Dec-20,경원선,363,의정부,"403,995","410,904"
Dec-20,경원선,364,가능,"143,846","139,971"
Dec-20,경원선,365,녹양,"101,169","98,154"
Dec-20,경원선,366,양주,"163,024","154,945"
Dec-20,경원선,367,덕계,"59,262","53,848"
Dec-20,경원선,368,덕정,"120,820","119,196"
Dec-20,경원선,369,지행,"137,605","135,606"
Dec-20,경원선,370,동두천중앙,"69,208","67,894"
Dec-20,경원선,371,보산,"36,018","33,859"
Dec-20,경원선,372,동두천,"43,132","50,181"
Dec-20,경원선,373,소요산,"62,295","53,644"
Dec-20,안산선,280,산본,"339,201","358,923"
Dec-20,안산선,281,대야미,"107,969","97,776"
Dec-20,안산선,282,반월,"94,844","91,384"
Dec-20,안산선,283,상록수,"362,878","365,030"
Dec-20,안산선,284,한대앞,"185,739","186,772"
Dec-20,안산선,285,중앙,"350,800","363,434"
Dec-20,안산선,286,고잔,"183,989","177,500"
Dec-20,안산선,287,초지,"97,655","101,376"
Dec-20,안산선,288,안산,"286,474","262,791"
Dec-20,안산선,289,신길온천,"36,823","34,408"
Dec-20,안산선,290,정왕,"189,743","200,312"
Dec-20,안산선,291,오이도,"183,820","179,449"
Dec-20,안산선,292,수리산,"93,256","78,034"
Dec-20,과천선,230,선바위,"174,670","157,825"
Dec-20,과천선,231,경마공원,"26,892","26,566"
Dec-20,과천선,232,대공원,"44,232","47,202"
Dec-20,과천선,233,과천,"109,119","100,795"
Dec-20,과천선,234,정부과천청사,"195,058","193,997"
Dec-20,과천선,235,인덕원,"500,529","518,517"
Dec-20,과천선,236,평촌,"371,572","370,773"
Dec-20,과천선,237,범계,"535,431","523,102"
Dec-20,분당선,143,선릉,"275,924","401,981"
Dec-20,분당선,144,한티,"288,678","306,104"
Dec-20,분당선,145,도곡,"135,464","135,113"
Dec-20,분당선,146,구룡,"35,260","34,488"
Dec-20,분당선,147,개포동,"75,419","77,632"
Dec-20,분당선,148,대모산입구,"77,757","72,778"
Dec-20,분당선,149,수서,"267,695","282,297"
Dec-20,분당선,150,복정,8,0
Dec-20,분당선,313,수원,"173,036","140,385"
Dec-20,분당선,314,서울숲,"171,243","171,005"
Dec-20,분당선,315,압구정로데오,"380,021","408,175"
Dec-20,분당선,316,강남구청,"193,064","221,844"
Dec-20,분당선,317,선정릉,"164,183","173,227"
Dec-20,분당선,318,가천대,"175,303","194,611"
Dec-20,분당선,319,태평,"306,685","299,926"
Dec-20,분당선,320,모란,"453,339","455,812"
Dec-20,분당선,321,야탑,"536,650","563,881"
Dec-20,분당선,322,서현,"509,030","514,423"
Dec-20,분당선,323,수내,"272,218","271,365"
Dec-20,분당선,324,정자,"325,842","342,689"
Dec-20,분당선,325,미금,"324,943","342,418"
Dec-20,분당선,326,오리,"251,262","213,322"
Dec-20,분당선,327,이매,"108,218","103,984"
Dec-20,분당선,328,보정,"48,214","41,800"
Dec-20,분당선,329,죽전,"285,005","309,667"
Dec-20,분당선,330,구성,"99,083","104,658"
Dec-20,분당선,331,신갈,"91,260","91,330"
Dec-20,분당선,332,기흥,"195,286","189,707"
Dec-20,분당선,333,상갈,"110,797","108,586"
Dec-20,분당선,334,청명,"86,127","82,703"
Dec-20,분당선,335,영통,"166,866","170,153"
Dec-20,분당선,336,망포,"288,936","276,692"
Dec-20,분당선,337,매탄권선,"97,959","94,600"
Dec-20,분당선,338,수원시청,"257,920","272,894"
Dec-20,분당선,339,매교,"59,516","61,092"
Dec-20,일산선,374,원흥,"198,573","190,616"
Dec-20,일산선,375,지축,4,0
Dec-20,일산선,376,삼송,"388,171","386,161"
Dec-20,일산선,377,원당,"240,828","232,027"
Dec-20,일산선,378,화정,"355,569","370,089"
Dec-20,일산선,379,대곡,"36,936","28,166"
Dec-20,일산선,380,백석,"222,119","222,535"
Dec-20,일산선,381,마두,"153,655","159,098"
Dec-20,일산선,382,정발산,"149,324","146,746"
Dec-20,일산선,383,주엽,"180,324","182,639"
Dec-20,일산선,384,대화,"275,139","225,369"
Dec-20,중앙선,135,회기,"510,623","490,862"
Dec-20,중앙선,152,중랑,"123,383","119,013"
Dec-20,중앙선,153,상봉(시외버스터미널),"130,652","128,412"
Dec-20,중앙선,154,망우,"165,864","164,227"
Dec-20,중앙선,155,양원,"34,010","34,057"
Dec-20,중앙선,156,구리,"289,569","295,577"
Dec-20,중앙선,157,도농,"207,882","192,688"
Dec-20,중앙선,158,양정,"17,215","14,763"
Dec-20,중앙선,159,덕소,"120,938","122,201"
Dec-20,중앙선,160,도심,"51,287","40,412"
Dec-20,중앙선,161,팔당,"20,209","20,513"
Dec-20,중앙선,162,운길산,"15,789","14,673"
Dec-20,중앙선,163,양수,"35,842","36,066"
Dec-20,중앙선,164,신원,"4,465","3,845"
Dec-20,중앙선,165,국수,"13,835","14,025"
Dec-20,중앙선,166,아신,"11,035","10,966"
Dec-20,중앙선,167,오빈,"5,797","5,729"
Dec-20,중앙선,168,양평,"51,186","51,165"
Dec-20,중앙선,169,원덕,"6,316","6,117"
Dec-20,중앙선,170,용문,"34,168","34,923"
Dec-20,중앙선,171,지평,891,814
Dec-20,장항선,224,봉명,"26,749","26,053"
Dec-20,장항선,225,쌍용(나사렛대),"42,461","39,336"
Dec-20,장항선,226,아산,"60,863","57,214"
Dec-20,장항선,227,배방,"21,809","21,086"
Dec-20,장항선,228,온양온천,"79,652","81,583"
Dec-20,장항선,229,신창(순천향대),"26,987","25,086"
Dec-20,경의선,173,신촌,"17,110","20,266"
Dec-20,경의선,174,효창공원앞,"61,109","69,462"
Dec-20,경의선,176,서강대,"43,509","41,050"
Dec-20,경의선,178,가좌,"112,286","104,915"
Dec-20,경의선,180,수색,"51,230","52,350"
Dec-20,경의선,181,화전,"35,621","32,862"
Dec-20,경의선,182,강매,"63,715","55,920"
Dec-20,경의선,183,행신,"159,933","161,505"
Dec-20,경의선,184,능곡,"79,507","73,345"
Dec-20,경의선,185,곡산,"11,565","11,989"
Dec-20,경의선,186,백마,"136,207","132,149"
Dec-20,경의선,187,풍산,"111,374","105,939"
Dec-20,경의선,188,일산,"189,822","191,275"
Dec-20,경의선,189,탄현,"155,304","152,784"
Dec-20,경의선,190,야당,"126,970","121,746"
Dec-20,경의선,191,운정,"128,819","123,149"
Dec-20,경의선,192,금릉,"93,155","91,130"
Dec-20,경의선,193,금촌,"135,460","136,489"
Dec-20,경의선,194,월롱,"43,565","41,686"
Dec-20,경의선,195,파주,"26,164","20,346"
Dec-20,경의선,196,문산,"105,500","105,307"
Dec-20,경의선,197,임진강,373,295
Dec-20,경의선,198,서울역,"78,326","95,593"
Dec-20,경의선,199,공덕,"71,535","62,749"
Dec-20,경의선,200,홍대입구,"32,344","35,227"
Dec-20,경의선,201,디지털미디어시티,"51,539","49,652"
Dec-20,경의선,203,계양,2,0
Dec-20,경춘선,205,신내,"32,548","32,827"
Dec-20,경춘선,206,갈매,"64,657","56,471"
Dec-20,경춘선,207,별내,"59,476","57,970"
Dec-20,경춘선,208,퇴계원,"78,846","73,230"
Dec-20,경춘선,209,사릉,"74,001","72,216"
Dec-20,경춘선,210,금곡,"32,915","31,040"
Dec-20,경춘선,211,평내호평,"124,642","123,975"
Dec-20,경춘선,212,천마산,"35,968","34,006"
Dec-20,경춘선,213,마석,"81,690","80,785"
Dec-20,경춘선,214,대성리,"10,471","9,259"
Dec-20,경춘선,215,청평,"30,276","30,447"
Dec-20,경춘선,216,상천,"5,534","5,149"
Dec-20,경춘선,217,가평,"29,734","30,195"
Dec-20,경춘선,218,굴봉산,"2,194","2,366"
Dec-20,경춘선,219,백양리,"3,075","2,970"
Dec-20,경춘선,220,강촌,"7,989","8,322"
Dec-20,경춘선,221,김유정,"5,237","5,437"
Dec-20,경춘선,222,남춘천,"48,607","49,539"
Dec-20,경춘선,223,춘천,"24,644","22,837"
Dec-20,수인선,340,고색,"68,993","67,023"
Dec-20,수인선,341,오목천,"46,691","44,725"
Dec-20,수인선,342,어천,"12,370","12,267"
Dec-20,수인선,343,야목,"4,214","3,533"
Dec-20,수인선,344,사리,"74,123","69,403"
Dec-20,수인선,345,달월,"2,081","1,463"
Dec-20,수인선,346,월곶,"54,355","51,681"
Dec-20,수인선,347,소래포구,"104,903","101,613"
Dec-20,수인선,348,인천논현,"117,801","123,519"
Dec-20,수인선,349,호구포,"82,666","85,148"
Dec-20,수인선,350,남동인더스파크,"51,719","57,217"
Dec-20,수인선,351,원인재,"97,080","99,522"
Dec-20,수인선,352,연수,"96,822","95,756"
Dec-20,수인선,353,송도,"54,767","50,869"
Dec-20,수인선,354,인하대,"124,733","116,406"
Dec-20,수인선,355,숭의,"85,874","80,670"
Dec-20,수인선,356,신포,"36,795","36,879"
Dec-20,수인선,357,인천,"22,666","36,382"
Dec-20,경강선,238,판교,"92,149","87,528"
Dec-20,경강선,239,이매,"21,483","18,238"
Dec-20,경강선,240,삼동,"48,467","45,630"
Dec-20,경강선,241,경기광주,"144,365","140,334"
Dec-20,경강선,242,초월,"62,784","61,850"
Dec-20,경강선,243,곤지암,"44,689","44,292"
Dec-20,경강선,244,신둔도예촌,"24,645","23,598"
Dec-20,경강선,245,이천,"50,529","54,025"
Dec-20,경강선,246,부발,"40,541","37,725"
Dec-20,경강선,247,세종대왕릉,"5,564","5,453"
Dec-20,경강선,248,여주,"36,920","37,853"
Dec-20,5호선,385,방화,"145,564","139,642"
Dec-20,5호선,386,개화산,"114,104","110,859"
Dec-20,5호선,387,김포공항,"156,231","155,648"
Dec-20,5호선,388,송정,"147,435","140,940"
Dec-20,5호선,389,마곡,"192,785","187,700"
Dec-20,5호선,390,발산,"383,575","390,181"
Dec-20,5호선,391,우장산,"293,027","295,917"
Dec-20,5호선,392,화곡,"624,699","589,230"
Dec-20,5호선,393,까치산,"643,010","625,746"
Dec-20,5호선,394,신정(은행정),"308,814","249,358"
Dec-20,5호선,395,목동,"360,500","396,135"
Dec-20,5호선,396,오목교(목동운동장앞),"468,028","503,869"
Dec-20,5호선,397,양평,"159,956","161,205"
Dec-20,5호선,398,영등포구청,"86,008","86,638"
Dec-20,5호선,399,영등포시장,"203,022","210,244"
Dec-20,5호선,400,신길,"84,631","94,327"
Dec-20,5호선,401,여의도,"524,456","540,957"
Dec-20,5호선,402,여의나루,"147,237","149,680"
Dec-20,5호선,403,마포,"291,913","299,999"
Dec-20,5호선,404,공덕,"285,406","303,953"
Dec-20,5호선,405,애오개,"139,709","141,521"
Dec-20,5호선,406,충정로(경기대입구),"100,838","102,056"
Dec-20,5호선,407,서대문,"375,687","381,704"
Dec-20,5호선,408,광화문(세종문화회관),"601,897","616,216"
Dec-20,5호선,409,종로3가,"209,952","208,373"
Dec-20,5호선,410,을지로4가,"130,218","132,667"
Dec-20,5호선,411,동대문역사문화공원(DDP),"60,762","68,716"
Dec-20,5호선,412,청구,"87,658","81,229"
Dec-20,5호선,413,신금호,"131,594","137,984"
Dec-20,5호선,414,행당,"175,564","157,669"
Dec-20,5호선,415,왕십리(성동구청),"97,142","104,767"
Dec-20,5호선,416,마장,"122,855","116,876"
Dec-20,5호선,417,답십리,"351,903","326,258"
Dec-20,5호선,418,장한평,"395,634","394,230"
Dec-20,5호선,419,군자(능동),"241,385","259,659"
Dec-20,5호선,420,아차산(어린이대공원후문),"318,776","318,295"
Dec-20,5호선,421,광나루(장신대),"278,067","256,609"
Dec-20,5호선,422,천호(풍납토성),"404,733","402,808"
Dec-20,5호선,423,강동,"427,066","400,421"
Dec-20,5호선,424,길동,"172,532","181,230"
Dec-20,5호선,425,굽은다리(강동구민회관앞),"205,760","196,927"
Dec-20,5호선,426,명일,"177,509","183,761"
Dec-20,5호선,427,고덕,"183,902","183,406"
Dec-20,5호선,428,상일동,"335,398","307,234"
Dec-20,5호선,429,둔촌동,"181,448","183,457"
Dec-20,5호선,430,올림픽공원(한국체대),"86,724","74,241"
Dec-20,5호선,431,방이,"144,580","148,693"
Dec-20,5호선,432,오금,"80,026","77,657"
Dec-20,5호선,433,개롱,"133,502","140,749"
Dec-20,5호선,434,거여,"170,769","164,609"
Dec-20,5호선,435,마천,"131,704","133,781"
Dec-20,5호선,436,미사,"284,891","283,932"
Dec-20,5호선,437,하남풍산,"105,815","107,058"
Dec-20,6호선,438,응암,"391,095","392,437"
Dec-20,6호선,439,역촌,"82,991","96,247"
Dec-20,6호선,440,불광,"101,254","101,810"
Dec-20,6호선,441,독바위,"62,221","68,715"
Dec-20,6호선,442,연신내,9,0
Dec-20,6호선,443,구산,"160,256","125,311"
Dec-20,6호선,444,새절(신사),"283,395","267,404"
Dec-20,6호선,445,증산(명지대앞),"226,494","225,312"
Dec-20,6호선,446,디지털미디어시티,"292,245","316,476"
Dec-20,6호선,447,월드컵경기장(성산),"100,026","103,749"
Dec-20,6호선,448,마포구청,"305,802","278,143"
Dec-20,6호선,449,망원,"297,478","323,341"
Dec-20,6호선,450,합정,"262,359","255,280"
Dec-20,6호선,451,상수,"158,340","171,692"
Dec-20,6호선,452,광흥창(서강),"181,910","176,978"
Dec-20,6호선,453,대흥(서강대앞),"164,688","169,002"
Dec-20,6호선,454,공덕,"376,513","363,786"
Dec-20,6호선,455,효창공원앞,"151,891","138,326"
Dec-20,6호선,456,삼각지,"113,614","99,967"
Dec-20,6호선,457,녹사평(용산구청),"95,994","94,512"
Dec-20,6호선,458,이태원,"187,658","192,786"
Dec-20,6호선,459,한강진,"141,749","160,769"
Dec-20,6호선,460,버티고개,"48,288","47,145"
Dec-20,6호선,461,약수,"76,597","77,310"
Dec-20,6호선,462,청구,"82,996","88,539"
Dec-20,6호선,463,신당,"169,606","176,806"
Dec-20,6호선,464,동묘앞,"186,468","186,580"
Dec-20,6호선,465,창신,"76,002","62,311"
Dec-20,6호선,466,보문,"159,268","147,875"
Dec-20,6호선,467,안암(고대병원앞),"198,779","196,044"
Dec-20,6호선,468,고려대(종암),"164,476","159,852"
Dec-20,6호선,469,월곡(동덕여대),"242,348","242,607"
Dec-20,6호선,470,상월곡(한국과학기술연구원),"137,601","123,326"
Dec-20,6호선,471,돌곶이,"189,446","178,612"
Dec-20,6호선,472,석계,"273,733","280,073"
Dec-20,6호선,473,태릉입구,"115,378","125,292"
Dec-20,6호선,474,화랑대(서울여대입구),"238,002","190,245"
Dec-20,6호선,475,봉화산(서울의료원),"192,764","181,670"
Dec-20,6호선,476,신내,3,0
Dec-20,7호선,477,장암,"50,545","21,337"
Dec-20,7호선,478,도봉산,"199,861","245,086"
Dec-20,7호선,479,수락산,"285,490","287,380"
Dec-20,7호선,480,마들,"269,675","261,389"
Dec-20,7호선,481,노원,"419,937","435,578"
Dec-20,7호선,482,중계,"311,479","284,800"
Dec-20,7호선,483,하계,"381,231","365,185"
Dec-20,7호선,484,공릉(서울과학기술대),"254,113","253,290"
Dec-20,7호선,485,태릉입구,"178,372","165,062"
Dec-20,7호선,486,먹골,"229,412","225,756"
Dec-20,7호선,487,중화,"248,990","246,011"
Dec-20,7호선,488,상봉(시외버스터미널),"380,228","361,276"
Dec-20,7호선,489,면목,"349,815","347,827"
Dec-20,7호선,490,사가정,"375,431","376,520"
Dec-20,7호선,491,용마산(용마폭포공원),"135,671","132,260"
Dec-20,7호선,492,중곡,"224,515","214,382"
Dec-20,7호선,493,군자(능동),"323,079","259,319"
Dec-20,7호선,494,어린이대공원(세종대),"259,578","253,221"
Dec-20,7호선,495,건대입구,"277,622","276,295"
Dec-20,7호선,496,뚝섬유원지,"156,810","154,846"
Dec-20,7호선,497,청담,"421,667","459,608"
Dec-20,7호선,498,강남구청,"343,208","371,279"
Dec-20,7호선,499,학동,"509,946","535,973"
Dec-20,7호선,500,논현,"426,648","459,558"
Dec-20,7호선,501,반포,"125,931","121,663"
Dec-20,7호선,502,고속터미널,"329,510","285,620"
Dec-20,7호선,503,내방,"310,570","313,327"
Dec-20,7호선,504,이수,"330,216","322,333"
Dec-20,7호선,505,남성,"249,504","234,229"
Dec-20,7호선,506,숭실대입구(살피재),"258,098","262,654"
Dec-20,7호선,507,상도,"229,110","223,200"
Dec-20,7호선,508,장승배기,"218,546","213,778"
Dec-20,7호선,509,신대방삼거리,"366,748","358,007"
Dec-20,7호선,510,보라매,"212,200","209,700"
Dec-20,7호선,511,신풍,"257,053","248,025"
Dec-20,7호선,512,대림(구로구청),"184,190","184,463"
Dec-20,7호선,513,남구로,"365,412","386,972"
Dec-20,7호선,514,가산디지털단지,"986,255","978,740"
Dec-20,7호선,515,철산,"465,222","474,667"
Dec-20,7호선,516,광명사거리,"516,215","515,666"
Dec-20,7호선,517,천왕,"236,652","226,163"
Dec-20,7호선,518,온수(성공회대입구),"232,248","215,910"
Dec-20,7호선,519,까치울,"163,822","160,593"
Dec-20,7호선,520,부천종합운동장,"100,953","88,853"
Dec-20,7호선,521,춘의,"218,793","215,902"
Dec-20,7호선,522,신중동,"309,232","302,852"
Dec-20,7호선,523,부천시청,"269,944","269,493"
Dec-20,7호선,524,상동,"263,293","272,386"
Dec-20,7호선,525,삼산체육관,"100,836","91,567"
Dec-20,7호선,526,굴포천,"189,529","201,073"
Dec-20,7호선,527,부평구청,"251,119","211,086"
Dec-20,8호선,528,암사,"415,946","376,769"
Dec-20,8호선,529,천호(풍납토성),"349,876","392,458"
Dec-20,8호선,530,강동구청,"226,600","238,292"
Dec-20,8호선,531,몽촌토성(평화의문),"120,558","124,523"
Dec-20,8호선,532,잠실(송파구청),"306,406","339,004"
Dec-20,8호선,533,석촌,"165,726","189,246"
Dec-20,8호선,534,송파,"170,704","172,215"
Dec-20,8호선,535,가락시장,"177,822","198,205"
Dec-20,8호선,536,문정,"450,340","470,061"
Dec-20,8호선,537,장지,"379,841","375,424"
Dec-20,8호선,538,복정,"224,027","196,976"
Dec-20,8호선,539,산성,"153,182","153,941"
Dec-20,8호선,540,남한산성입구(성남법원.검찰청),"304,066","280,706"
Dec-20,8호선,541,단대오거리,"228,525","221,264"
Dec-20,8호선,542,신흥,"104,159","111,874"
Dec-20,8호선,543,수진,"116,835","106,563"
Dec-20,8호선,544,모란,"98,665","74,110"
Dec-20,9호선,602,개화,"52,557","39,974"
Dec-20,9호선,603,김포공항,"161,724","225,843"
Dec-20,9호선,604,공항시장,"63,561","70,058"
Dec-20,9호선,605,신방화,"145,288","143,509"
Dec-20,9호선,606,마곡나루(서울식물원),"219,290","219,452"
Dec-20,9호선,607,양천향교,"197,950","203,577"
Dec-20,9호선,608,가양,"433,180","426,597"
Dec-20,9호선,609,증미,"155,504","158,208"
Dec-20,9호선,610,등촌,"234,336","233,812"
Dec-20,9호선,611,염창,"361,703","359,178"
Dec-20,9호선,612,신목동,"78,184","71,764"
Dec-20,9호선,613,선유도,"156,526","152,149"
Dec-20,9호선,614,당산,"371,955","365,691"
Dec-20,9호선,615,국회의사당,"317,847","315,131"
Dec-20,9호선,616,여의도,"455,386","435,728"
Dec-20,9호선,617,샛강,"111,677","115,171"
Dec-20,9호선,618,노량진,"514,505","502,539"
Dec-20,9호선,619,노들,"94,222","84,061"
Dec-20,9호선,620,흑석(중앙대입구),"166,412","171,746"
Dec-20,9호선,621,동작(현충원),"36,016","28,233"
Dec-20,9호선,622,구반포,"56,014","58,255"
Dec-20,9호선,623,신반포,"62,005","61,522"
Dec-20,9호선,624,고속터미널,"238,151","309,015"
Dec-20,9호선,625,사평,"62,512","62,584"
Dec-20,9호선,626,신논현,"627,660","612,884"
Dec-20,공항철도 1호선,640,서울역,"142,717","130,482"
Dec-20,공항철도 1호선,641,공덕,"44,818","58,190"
Dec-20,공항철도 1호선,642,홍대입구,"162,033","164,011"
Dec-20,공항철도 1호선,643,디지털미디어시티,"268,270","241,858"
Dec-20,공항철도 1호선,644,마곡나루(서울식물원),"137,662","132,736"
Dec-20,공항철도 1호선,645,김포공항,"227,467","145,900"
Dec-20,공항철도 1호선,646,계양,"197,411","185,902"
Dec-20,공항철도 1호선,647,검암,"152,699","150,196"
Dec-20,공항철도 1호선,648,청라국제도시,"133,619","125,081"
Dec-20,공항철도 1호선,649,운서,"137,053","139,077"
Dec-20,공항철도 1호선,650,공항화물청사,"55,629","60,387"
Dec-20,공항철도 1호선,651,인천공항1터미널,"86,716","93,178"
Dec-20,공항철도 1호선,652,인천공항2터미널,"49,697","47,869"
Dec-20,공항철도 1호선,653,영종,"60,554","61,706"
Dec-20,9호선2~3단계,627,언주,"207,814","208,033"
Dec-20,9호선2~3단계,628,선정릉,"189,166","203,298"
Dec-20,9호선2~3단계,629,삼성중앙,"136,492","139,992"
Dec-20,9호선2~3단계,630,봉은사,"314,359","314,023"
Dec-20,9호선2~3단계,631,종합운동장,"85,535","83,550"
Dec-20,9호선2~3단계,632,삼전,"141,955","138,758"
Dec-20,9호선2~3단계,633,석촌고분,"122,923","123,984"
Dec-20,9호선2~3단계,634,석촌,"162,039","143,093"
Dec-20,9호선2~3단계,635,송파나루,"94,934","99,433"
Dec-20,9호선2~3단계,636,한성백제,"49,693","45,005"
Dec-20,9호선2~3단계,637,올림픽공원(한국체대),"108,271","108,289"
Dec-20,9호선2~3단계,638,둔촌오륜,"23,336","20,586"
Dec-20,9호선2~3단계,639,중앙보훈병원,"196,931","175,864"
Dec-20,우이신설선,697,북한산우이,"60,026","56,145"
Dec-20,우이신설선,698,솔밭공원,"52,704","52,113"
Dec-20,우이신설선,699,4.19민주묘지,"62,349","59,591"
Dec-20,우이신설선,700,가오리,"88,094","88,898"
Dec-20,우이신설선,701,화계,"75,064","71,032"
Dec-20,우이신설선,702,삼양,"45,422","50,231"
Dec-20,우이신설선,703,삼양사거리,"53,926","55,512"
Dec-20,우이신설선,704,솔샘,"121,250","115,049"
Dec-20,우이신설선,705,북한산보국문,"126,781","124,337"
Dec-20,우이신설선,706,정릉,"96,501","92,058"
Dec-20,우이신설선,707,성신여대입구(돈암),"65,933","71,709"
Dec-20,우이신설선,708,보문,"33,909","34,610"
Dec-20,우이신설선,709,신설동,"50,154","47,806"
